code,name,rawName,canonicalName,methodText,unit,sourceType
IP-0001,凝结时间,凝结时间,凝结时间,见对应标准条款,,official
IP-0002,安定性,安定性,安定性,见对应标准条款,,official
IP-0003,胶砂强度,胶砂强度,胶砂强度,见对应标准条款,,official
IP-0004,氯离子含量,氯离子含量,氯离子含量,见对应标准条款,,official
IP-0005,保水率,保水率,保水率,见对应标准条款,,official
IP-0006,氧化镁含量,氧化镁含量,氧化镁含量,见对应标准条款,,official
IP-0007,碱含量,碱含量,碱含量,见对应标准条款,,official
IP-0008,三氧化硫含量,三氧化硫含量,三氧化硫含量,见对应标准条款,,official
IP-0009,可溶物含量,可溶物含量,可溶物含量,见对应标准条款,,official
IP-0010,拉力,拉力,拉力,见对应标准条款,,official
IP-0011,延伸率（或最大力时延伸率）,延伸率（或最大力时延伸率）,延伸率（或最大力时延伸率）,见对应标准条款,,official
IP-0012,低温柔度,低温柔度,低温柔度,见对应标准条款,,official
IP-0013,热老化后低温柔度,热老化后低温柔度,热老化后低温柔度,见对应标准条款,,official
IP-0014,不透水性,不透水性,不透水性,见对应标准条款,,official
IP-0015,耐热度,耐热度,耐热度,见对应标准条款,,official
IP-0016,断裂拉伸强度,断裂拉伸强度,断裂拉伸强度,见对应标准条款,,official
IP-0017,断裂伸长率,断裂伸长率,断裂伸长率,见对应标准条款,,official
IP-0018,撕裂强度,撕裂强度,撕裂强度,见对应标准条款,,official
IP-0019,接缝剥离强度,接缝剥离强度,接缝剥离强度,见对应标准条款,,official
IP-0020,搭接缝不透水性,搭接缝不透水性,搭接缝不透水性,见对应标准条款,,official
IP-0021,耐热性,耐热性,耐热性,见对应标准条款,,official
IP-0022,低温柔性,低温柔性,低温柔性,见对应标准条款,,official
IP-0023,拉伸粘结性,拉伸粘结性,拉伸粘结性,见对应标准条款,,official
IP-0024,施工度,施工度,施工度,见对应标准条款,,official
IP-0025,表干时间,表干时间,表干时间,见对应标准条款,,official
IP-0026,挤出性,挤出性,挤出性,见对应标准条款,,official
IP-0027,弹性恢复率,弹性恢复率,弹性恢复率,见对应标准条款,,official
IP-0028,浸水后定伸粘结性,浸水后定伸粘结性,浸水后定伸粘结性,见对应标准条款,,official
IP-0029,流动性,流动性,流动性,见对应标准条款,,official
IP-0030,单位面积质量,单位面积质量,单位面积质量,见对应标准条款,,official
IP-0031,膨润土膨胀指数,膨润土膨胀指数,膨润土膨胀指数,见对应标准条款,,official
IP-0032,渗透系数,渗透系数,渗透系数,见对应标准条款,,official
IP-0033,滤失量,滤失量,滤失量,见对应标准条款,,official
IP-0034,拉伸强度,拉伸强度,拉伸强度,见对应标准条款,,official
IP-0035,硬度,硬度,硬度,见对应标准条款,,official
IP-0036,7d 膨胀率,7d 膨胀率,7d 膨胀率,见对应标准条款,,official
IP-0037,最终膨胀率,最终膨胀率,最终膨胀率,见对应标准条款,,official
IP-0038,耐水性,耐水性,耐水性,见对应标准条款,,official
IP-0039,体积膨胀倍率,体积膨胀倍率,体积膨胀倍率,见对应标准条款,,official
IP-0040,压缩永久变形,压缩永久变形,压缩永久变形,见对应标准条款,,official
IP-0041,低温弯折,低温弯折,低温弯折,见对应标准条款,,official
IP-0042,剥离强度,剥离强度,剥离强度,见对应标准条款,,official
IP-0043,浸水168h 后的剥离强度保持率,浸水168h 后的剥离强度保持率,浸水168h 后的剥离强度保持率,见对应标准条款,,official
IP-0044,延伸率,延伸率,延伸率,见对应标准条款,,official
IP-0045,固体含量,固体含量,固体含量,见对应标准条款,,official
IP-0046,7d 粘结强度,7d 粘结强度,7d 粘结强度,见对应标准条款,,official
IP-0047,7d 抗渗性,7d 抗渗性,7d 抗渗性,见对应标准条款,,official
IP-0048,拉伸模量,拉伸模量,拉伸模量,见对应标准条款,,official
IP-0049,定伸粘结性,定伸粘结性,定伸粘结性,见对应标准条款,,official
IP-0050,剪切性能,剪切性能,剪切性能,见对应标准条款,,official
IP-0051,剥离性能,剥离性能,剥离性能,见对应标准条款,,official
IP-0052,涂膜抗渗性,涂膜抗渗性,涂膜抗渗性,见对应标准条款,,official
IP-0053,浸水168h 后拉伸强度,浸水168h 后拉伸强度,浸水168h 后拉伸强度,见对应标准条款,,official
IP-0054,浸水168h 后断裂伸长率,浸水168h 后断裂伸长率,浸水168h 后断裂伸长率,见对应标准条款,,official
IP-0055,抗压强度,抗压强度,抗压强度,见对应标准条款,,official
IP-0056,抗折强度,抗折强度,抗折强度,见对应标准条款,,official
IP-0057,粘结强度,粘结强度,粘结强度,见对应标准条款,,official
IP-0058,抗渗性,抗渗性,抗渗性,见对应标准条款,,official
IP-0059,吸水率,吸水率,吸水率,见对应标准条款,,official
IP-0060,弯曲强度,弯曲强度,弯曲强度,见对应标准条款,,official
IP-0061,抗冻性（耐冻融性）,抗冻性（耐冻融性）,抗冻性（耐冻融性）,见对应标准条款,,official
IP-0062,放射性,放射性,放射性,见对应标准条款,,official
IP-0063,静液压强度,静液压强度,静液压强度,见对应标准条款,,official
IP-0064,落锤冲击试验,落锤冲击试验,落锤冲击试验,见对应标准条款,,official
IP-0065,外观质量,外观质量,外观质量,见对应标准条款,,official
IP-0066,截面尺寸,截面尺寸,截面尺寸,见对应标准条款,,official
IP-0067,纵向回缩率,纵向回缩率,纵向回缩率,见对应标准条款,,official
IP-0068,交联度,交联度,交联度,见对应标准条款,,official
IP-0069,熔融温度,熔融温度,熔融温度,见对应标准条款,,official
IP-0070,简支梁冲击,简支梁冲击,简支梁冲击,见对应标准条款,,official
IP-0071,炭黑分散度,炭黑分散度,炭黑分散度,见对应标准条款,,official
IP-0072,炭黑含量,炭黑含量,炭黑含量,见对应标准条款,,official
IP-0073,拉伸屈服应力,拉伸屈服应力,拉伸屈服应力,见对应标准条款,,official
IP-0074,密度,密度,密度,见对应标准条款,,official
IP-0075,爆破压力,爆破压力,爆破压力,见对应标准条款,,official
IP-0076,管环剥离力,管环剥离力,管环剥离力,见对应标准条款,,official
IP-0077,熔体质量流动速率,熔体质量流动速率,熔体质量流动速率,见对应标准条款,,official
IP-0078,氧化诱导时间,氧化诱导时间,氧化诱导时间,见对应标准条款,,official
IP-0079,维卡软化温度,维卡软化温度,维卡软化温度,见对应标准条款,,official
IP-0080,热变形温度,热变形温度,热变形温度,见对应标准条款,,official
IP-0081,拉伸断裂伸长率,拉伸断裂伸长率,拉伸断裂伸长率,见对应标准条款,,official
IP-0082,拉伸弹性模量,拉伸弹性模量,拉伸弹性模量,见对应标准条款,,official
IP-0083,灰分,灰分,灰分,见对应标准条款,,official
IP-0084,烘箱试验,烘箱试验,烘箱试验,见对应标准条款,,official
IP-0085,坠落试验,坠落试验,坠落试验,见对应标准条款,,official
IP-0086,屈服强度,屈服强度,屈服强度,见对应标准条款,,official
IP-0087,抗拉强度,抗拉强度,抗拉强度,见对应标准条款,,official
IP-0088,伸长率,伸长率,伸长率,见对应标准条款,,official
IP-0089,厚度偏差,厚度偏差,厚度偏差,见对应标准条款,,official
IP-0090,承载力,承载力,承载力,见对应标准条款,,official
IP-0091,挠度,挠度,挠度,见对应标准条款,,official
IP-0092,裂缝宽度,裂缝宽度,裂缝宽度,见对应标准条款,,official
IP-0093,抗裂检验,抗裂检验,抗裂检验,见对应标准条款,,official
IP-0094,构件尺寸,构件尺寸,构件尺寸,见对应标准条款,,official
IP-0095,保护层厚度,保护层厚度,保护层厚度,见对应标准条款,,official
IP-0096,整根钢绞线最大力,整根钢绞线最大力,整根钢绞线最大力,见对应标准条款,,official
IP-0097,最大力总伸长率,最大力总伸长率,最大力总伸长率,见对应标准条款,,official
IP-0098,0.2%屈服力,0.2%屈服力,0.2%屈服力,见对应标准条款,,official
IP-0099,弹性模量,弹性模量,弹性模量,见对应标准条款,,official
IP-0100,松弛率,松弛率,松弛率,见对应标准条款,,official
IP-0101,尺寸,尺寸,尺寸,见对应标准条款,,official
IP-0102,静载锚固性能,静载锚固性能,静载锚固性能,见对应标准条款,,official
IP-0103,疲劳荷载性能,疲劳荷载性能,疲劳荷载性能,见对应标准条款,,official
IP-0104,环刚度,环刚度,环刚度,见对应标准条款,,official
IP-0105,局部横向载荷,局部横向载荷,局部横向载荷,见对应标准条款,,official
IP-0106,纵向载荷,纵向载荷,纵向载荷,见对应标准条款,,official
IP-0107,柔韧性,柔韧性,柔韧性,见对应标准条款,,official
IP-0108,抗冲击性能,抗冲击性能,抗冲击性能,见对应标准条款,,official
IP-0109,拉伸性能,拉伸性能,拉伸性能,见对应标准条款,,official
IP-0110,拉拔力,拉拔力,拉拔力,见对应标准条款,,official
IP-0111,密封性,密封性,密封性,见对应标准条款,,official
IP-0112,局部横向荷载,局部横向荷载,局部横向荷载,见对应标准条款,,official
IP-0113,弯曲后抗渗漏性能,弯曲后抗渗漏性能,弯曲后抗渗漏性能,见对应标准条款,,official
IP-0114,游离甲醛,游离甲醛,游离甲醛,见对应标准条款,,official
IP-0115,VOC,VOC,VOC,见对应标准条款,,official
IP-0116,苯,苯,苯,见对应标准条款,,official
IP-0117,甲苯,甲苯,甲苯,见对应标准条款,,official
IP-0118,二甲苯,二甲苯,二甲苯,见对应标准条款,,official
IP-0119,乙苯,乙苯,乙苯,见对应标准条款,,official
IP-0120,游离甲苯二异氰酸酯（TDI）,游离甲苯二异氰酸酯（TDI）,游离甲苯二异氰酸酯（TDI）,见对应标准条款,,official
IP-0121,氨,氨,氨,见对应标准条款,,official
IP-0122,屈服承载力,屈服承载力,屈服承载力,见对应标准条款,,official
IP-0123,弹性刚度,弹性刚度,弹性刚度,见对应标准条款,,official
IP-0124,设计承载力,设计承载力,设计承载力,见对应标准条款,,official
IP-0125,延性系数,延性系数,延性系数,见对应标准条款,,official
IP-0126,滞回曲线面积,滞回曲线面积,滞回曲线面积,见对应标准条款,,official
IP-0127,极限位移,极限位移,极限位移,见对应标准条款,,official
IP-0128,极限承载力,极限承载力,极限承载力,见对应标准条款,,official
IP-0129,最大阻尼力,最大阻尼力,最大阻尼力,见对应标准条款,,official
IP-0130,阻尼力与速度相关规律,阻尼力与速度相关规律,阻尼力与速度相关规律,见对应标准条款,,official
IP-0131,滞回曲线,滞回曲线,滞回曲线,见对应标准条款,,official
IP-0132,竖向压缩刚度,竖向压缩刚度,竖向压缩刚度,见对应标准条款,,official
IP-0133,竖向变形性能,竖向变形性能,竖向变形性能,见对应标准条款,,official
IP-0134,竖向极限压应力,竖向极限压应力,竖向极限压应力,见对应标准条款,,official
IP-0135,当水平位移为支座内部橡胶直径0.55 倍状态时的极限压应力,当水平位移为支座内部橡胶直径0.55 倍状态时的极限压应力,当水平位移为支座内部橡胶直径0.55 倍状态时的极限压应力,见对应标准条款,,official
IP-0136,竖向极限拉应力,竖向极限拉应力,竖向极限拉应力,见对应标准条款,,official
IP-0137,竖向拉伸刚度,竖向拉伸刚度,竖向拉伸刚度,见对应标准条款,,official
IP-0138,侧向不均匀变形,侧向不均匀变形,侧向不均匀变形,见对应标准条款,,official
IP-0139,水平等效刚度,水平等效刚度,水平等效刚度,见对应标准条款,,official
IP-0140,屈服后水平刚度,屈服后水平刚度,屈服后水平刚度,见对应标准条款,,official
IP-0141,等效阻尼比,等效阻尼比,等效阻尼比,见对应标准条款,,official
IP-0142,屈服力,屈服力,屈服力,见对应标准条款,,official
IP-0143,水平极限变形能力,水平极限变形能力,水平极限变形能力,见对应标准条款,,official
IP-0144,竖向压缩变形,竖向压缩变形,竖向压缩变形,见对应标准条款,,official
IP-0145,竖向承载力,竖向承载力,竖向承载力,见对应标准条款,,official
IP-0146,静摩擦系数,静摩擦系数,静摩擦系数,见对应标准条款,,official
IP-0147,动摩擦系数,动摩擦系数,动摩擦系数,见对应标准条款,,official
IP-0148,屈服后刚度,屈服后刚度,屈服后刚度,见对应标准条款,,official
IP-0149,极限剪切变形,极限剪切变形,极限剪切变形,见对应标准条款,,official
IP-0150,断后伸长率,断后伸长率,断后伸长率,见对应标准条款,,official
IP-0151,最大力下总延伸率,最大力下总延伸率,最大力下总延伸率,见对应标准条款,,official
IP-0152,反向弯曲,反向弯曲,反向弯曲,见对应标准条款,,official
IP-0153,重量偏差,重量偏差,重量偏差,见对应标准条款,,official
IP-0154,残余变形,残余变形,残余变形,见对应标准条款,,official
IP-0155,弯曲性能,弯曲性能,弯曲性能,见对应标准条款,,official
IP-0156,含水率,含水率,含水率,见对应标准条款,,official
IP-0157,静曲强度,静曲强度,静曲强度,见对应标准条款,,official
IP-0158,钉抗弯强度,钉抗弯强度,钉抗弯强度,见对应标准条款,,official
IP-0159,抗剪强度,抗剪强度,抗剪强度,见对应标准条款,,official
IP-0160,正拉粘结强度,正拉粘结强度,正拉粘结强度,见对应标准条款,,official
IP-0161,抗拉强度标准值（纤维复合材）,抗拉强度标准值（纤维复合材）,抗拉强度标准值（纤维复合材）,见对应标准条款,,official
IP-0162,弹性模量（纤维复合材）,弹性模量（纤维复合材）,弹性模量（纤维复合材）,见对应标准条款,,official
IP-0163,极限伸长率（纤维复合材）,极限伸长率（纤维复合材）,极限伸长率（纤维复合材）,见对应标准条款,,official
IP-0164,不挥发物含量(结构胶粘剂),不挥发物含量(结构胶粘剂),不挥发物含量(结构胶粘剂),见对应标准条款,,official
IP-0165,耐湿热老化性能(结构胶粘剂),耐湿热老化性能(结构胶粘剂),耐湿热老化性能(结构胶粘剂),见对应标准条款,,official
IP-0166,单位面积质量（纤维织物）,单位面积质量（纤维织物）,单位面积质量（纤维织物）,见对应标准条款,,official
IP-0167,纤维体积含量（预成型板）,纤维体积含量（预成型板）,纤维体积含量（预成型板）,见对应标准条款,,official
IP-0168,K 数（碳纤维织物）,K 数（碳纤维织物）,K 数（碳纤维织物）,见对应标准条款,,official
IP-0169,化学成分,化学成分,化学成分,见对应标准条款,,official
IP-0170,颗粒级配,颗粒级配,颗粒级配,见对应标准条款,,official
IP-0171,含泥量,含泥量,含泥量,见对应标准条款,,official
IP-0172,泥块含量,泥块含量,泥块含量,见对应标准条款,,official
IP-0173,压碎值指标,压碎值指标,压碎值指标,见对应标准条款,,official
IP-0174,针片状颗粒含量,针片状颗粒含量,针片状颗粒含量,见对应标准条款,,official
IP-0175,坚固性,坚固性,坚固性,见对应标准条款,,official
IP-0176,碱活性,碱活性,碱活性,见对应标准条款,,official
IP-0177,表观密度,表观密度,表观密度,见对应标准条款,,official
IP-0178,堆积密度,堆积密度,堆积密度,见对应标准条款,,official
IP-0179,空隙率,空隙率,空隙率,见对应标准条款,,official
IP-0180,亚甲蓝值与石粉含量（人工砂）,亚甲蓝值与石粉含量（人工砂）,亚甲蓝值与石粉含量（人工砂）,见对应标准条款,,official
IP-0181,压碎指标（人工砂）,压碎指标（人工砂）,压碎指标（人工砂）,见对应标准条款,,official
IP-0182,硫化物和硫酸盐含量,硫化物和硫酸盐含量,硫化物和硫酸盐含量,见对应标准条款,,official
IP-0183,轻物质含量,轻物质含量,轻物质含量,见对应标准条款,,official
IP-0184,有机物含量,有机物含量,有机物含量,见对应标准条款,,official
IP-0185,贝壳含量,贝壳含量,贝壳含量,见对应标准条款,,official
IP-0186,筒压强度,筒压强度,筒压强度,见对应标准条款,,official
IP-0187,粒型系数,粒型系数,粒型系数,见对应标准条款,,official
IP-0188,筛分析,筛分析,筛分析,见对应标准条款,,official
IP-0189,干密度,干密度,干密度,见对应标准条款,,official
IP-0190,抗渗性能,抗渗性能,抗渗性能,见对应标准条款,,official
IP-0191,抗弯曲性能（或承载力）,抗弯曲性能（或承载力）,抗弯曲性能（或承载力）,见对应标准条款,,official
IP-0192,耐急冷急热性,耐急冷急热性,耐急冷急热性,见对应标准条款,,official
IP-0193,抗弯破坏荷载,抗弯破坏荷载,抗弯破坏荷载,见对应标准条款,,official
IP-0194,吊挂力,吊挂力,吊挂力,见对应标准条款,,official
IP-0195,抗冻性能,抗冻性能,抗冻性能,见对应标准条款,,official
IP-0196,抗渗等级,抗渗等级,抗渗等级,见对应标准条款,,official
IP-0197,坍落度,坍落度,坍落度,见对应标准条款,,official
IP-0198,拌合用水（氯离子含量）,拌合用水（氯离子含量）,拌合用水（氯离子含量）,见对应标准条款,,official
IP-0199,限制膨胀率,限制膨胀率,限制膨胀率,见对应标准条款,,official
IP-0200,含气量,含气量,含气量,见对应标准条款,,official
IP-0201,劈裂抗拉强度,劈裂抗拉强度,劈裂抗拉强度,见对应标准条款,,official
IP-0202,静力受压弹性模量,静力受压弹性模量,静力受压弹性模量,见对应标准条款,,official
IP-0203,抑制碱-骨料反应有效性,抑制碱-骨料反应有效性,抑制碱-骨料反应有效性,见对应标准条款,,official
IP-0204,配合比设计,配合比设计,配合比设计,见对应标准条款,,official
IP-0205,拌合用水（pH 值、硫酸根离子含量、不溶物含量、可溶物含量）,拌合用水（pH 值、硫酸根离子含量、不溶物含量、可溶物含量）,拌合用水（pH 值、硫酸根离子含量、不溶物含量、可溶物含量）,见对应标准条款,,official
IP-0206,减水率,减水率,减水率,见对应标准条款,,official
IP-0207,pH 值,pH 值,pH 值,见对应标准条款,,official
IP-0208,密度（或细度）,密度（或细度）,密度（或细度）,见对应标准条款,,official
IP-0209,抗压强度比,抗压强度比,抗压强度比,见对应标准条款,,official
IP-0210,凝结时间（差）,凝结时间（差）,凝结时间（差）,见对应标准条款,,official
IP-0211,固体含量（或含水率）,固体含量（或含水率）,固体含量（或含水率）,见对应标准条款,,official
IP-0212,泌水率比,泌水率比,泌水率比,见对应标准条款,,official
IP-0213,相对耐久性指标,相对耐久性指标,相对耐久性指标,见对应标准条款,,official
IP-0214,含气量1h 经时变化量（坍落度、含气量）,含气量1h 经时变化量（坍落度、含气量）,含气量1h 经时变化量（坍落度、含气量）,见对应标准条款,,official
IP-0215,硫酸钠含量,硫酸钠含量,硫酸钠含量,见对应标准条款,,official
IP-0216,收缩率比,收缩率比,收缩率比,见对应标准条款,,official
IP-0217,细度,细度,细度,见对应标准条款,,official
IP-0218,烧失量,烧失量,烧失量,见对应标准条款,,official
IP-0219,需水量比,需水量比,需水量比,见对应标准条款,,official
IP-0220,比表面积,比表面积,比表面积,见对应标准条款,,official
IP-0221,活性指数,活性指数,活性指数,见对应标准条款,,official
IP-0222,流动度比,流动度比,流动度比,见对应标准条款,,official
IP-0223,稠度,稠度,稠度,见对应标准条款,,official
IP-0224,拉伸粘结强度（抹灰、砌筑）,拉伸粘结强度（抹灰、砌筑）,拉伸粘结强度（抹灰、砌筑）,见对应标准条款,,official
IP-0225,分层度,分层度,分层度,见对应标准条款,,official
IP-0226,最大干密度,最大干密度,最大干密度,见对应标准条款,,official
IP-0227,最优含水率,最优含水率,最优含水率,见对应标准条款,,official
IP-0228,压实系数,压实系数,压实系数,见对应标准条款,,official
IP-0229,混凝土强度（回弹法/钻芯法/回弹-钻芯综合法/超声回弹综合法等）,混凝土强度（回弹法/钻芯法/回弹-钻芯综合法/超声回弹综合法等）,混凝土强度（回弹法/钻芯法/回弹-钻芯综合法/超声回弹综合法等）,见对应标准条款,,official
IP-0230,砂浆强度（推出法/筒压法/砂浆片剪切法/回弹法/点荷法/贯入法等）,砂浆强度（推出法/筒压法/砂浆片剪切法/回弹法/点荷法/贯入法等）,砂浆强度（推出法/筒压法/砂浆片剪切法/回弹法/点荷法/贯入法等）,见对应标准条款,,official
IP-0231,砖强度（回弹法）,砖强度（回弹法）,砖强度（回弹法）,见对应标准条款,,official
IP-0232,砌体抗压强度（原位轴压法/扁顶法）,砌体抗压强度（原位轴压法/扁顶法）,砌体抗压强度（原位轴压法/扁顶法）,见对应标准条款,,official
IP-0233,砌体抗剪强度（原位单剪法/原位单砖双剪法）,砌体抗剪强度（原位单剪法/原位单砖双剪法）,砌体抗剪强度（原位单剪法/原位单砖双剪法）,见对应标准条款,,official
IP-0234,钢筋保护层厚度,钢筋保护层厚度,钢筋保护层厚度,见对应标准条款,,official
IP-0235,钢筋数量,钢筋数量,钢筋数量,见对应标准条款,,official
IP-0236,间距,间距,间距,见对应标准条款,,official
IP-0237,直径,直径,直径,见对应标准条款,,official
IP-0238,锈蚀状况,锈蚀状况,锈蚀状况,见对应标准条款,,official
IP-0239,锚固承载力,锚固承载力,锚固承载力,见对应标准条款,,official
IP-0240,轴线位置,轴线位置,轴线位置,见对应标准条款,,official
IP-0241,标高,标高,标高,见对应标准条款,,official
IP-0242,预埋件位置,预埋件位置,预埋件位置,见对应标准条款,,official
IP-0243,预留插筋位置及外露长度,预留插筋位置及外露长度,预留插筋位置及外露长度,见对应标准条款,,official
IP-0244,垂直度,垂直度,垂直度,见对应标准条款,,official
IP-0245,平整度,平整度,平整度,见对应标准条款,,official
IP-0246,构件挠度,构件挠度,构件挠度,见对应标准条款,,official
IP-0247,平面外变形,平面外变形,平面外变形,见对应标准条款,,official
IP-0248,内部缺陷,内部缺陷,内部缺陷,见对应标准条款,,official
IP-0249,钢筋套筒灌浆连接灌浆饱满性,钢筋套筒灌浆连接灌浆饱满性,钢筋套筒灌浆连接灌浆饱满性,见对应标准条款,,official
IP-0250,钢筋浆锚搭接连接灌浆饱满性,钢筋浆锚搭接连接灌浆饱满性,钢筋浆锚搭接连接灌浆饱满性,见对应标准条款,,official
IP-0251,外墙板接缝防水性能,外墙板接缝防水性能,外墙板接缝防水性能,见对应标准条款,,official
IP-0252,静载试验,静载试验,静载试验,见对应标准条款,,official
IP-0253,动力测试,动力测试,动力测试,见对应标准条款,,official
IP-0254,后置埋件现场拉拔力,后置埋件现场拉拔力,后置埋件现场拉拔力,见对应标准条款,,official
IP-0255,饰面砖粘结强度,饰面砖粘结强度,饰面砖粘结强度,见对应标准条款,,official
IP-0256,抹灰砂浆拉伸粘接强度,抹灰砂浆拉伸粘接强度,抹灰砂浆拉伸粘接强度,见对应标准条款,,official
IP-0257,甲醛,甲醛,甲醛,见对应标准条款,,official
IP-0258,TVOC,TVOC,TVOC,见对应标准条款,,official
IP-0259,氡,氡,氡,见对应标准条款,,official
IP-0260,土壤中的氡,土壤中的氡,土壤中的氡,见对应标准条款,,official
IP-0261,断面收缩率,断面收缩率,断面收缩率,见对应标准条款,,official
IP-0262,冲击韧性,冲击韧性,冲击韧性,见对应标准条款,,official
IP-0263,冷弯性能,冷弯性能,冷弯性能,见对应标准条款,,official
IP-0264,钢材元素含量（钢材化学分析C、S、P）,钢材元素含量（钢材化学分析C、S、P）,钢材元素含量（钢材化学分析C、S、P）,见对应标准条款,,official
IP-0265,内部缺陷探伤（超声法/射线法）,内部缺陷探伤（超声法/射线法）,内部缺陷探伤（超声法/射线法）,见对应标准条款,,official
IP-0266,涂层厚度,涂层厚度,涂层厚度,见对应标准条款,,official
IP-0267,涂料粘结强度,涂料粘结强度,涂料粘结强度,见对应标准条款,,official
IP-0268,涂料抗压强度,涂料抗压强度,涂料抗压强度,见对应标准条款,,official
IP-0269,涂层附着力,涂层附着力,涂层附着力,见对应标准条款,,official
IP-0270,抗滑移系数,抗滑移系数,抗滑移系数,见对应标准条款,,official
IP-0271,紧固轴力,紧固轴力,紧固轴力,见对应标准条款,,official
IP-0272,扭矩系数,扭矩系数,扭矩系数,见对应标准条款,,official
IP-0273,最小拉力载荷（普通紧固件）,最小拉力载荷（普通紧固件）,最小拉力载荷（普通紧固件）,见对应标准条款,,official
IP-0274,弯曲矢高,弯曲矢高,弯曲矢高,见对应标准条款,,official
IP-0275,侧向弯曲,侧向弯曲,侧向弯曲,见对应标准条款,,official
IP-0276,结构挠度,结构挠度,结构挠度,见对应标准条款,,official
IP-0277,静态压力抗风掀,静态压力抗风掀,静态压力抗风掀,见对应标准条款,,official
IP-0278,动态压力抗风掀,动态压力抗风掀,动态压力抗风掀,见对应标准条款,,official
IP-0279,承载力（静载试验/动力触探试验等）,承载力（静载试验/动力触探试验等）,承载力（静载试验/动力触探试验等）,见对应标准条款,,official
IP-0280,压实系数（环刀法/灌砂法等）,压实系数（环刀法/灌砂法等）,压实系数（环刀法/灌砂法等）,见对应标准条款,,official
IP-0281,地基土强度,地基土强度,地基土强度,见对应标准条款,,official
IP-0282,密实度（动力触探试验/标准贯入试验）,密实度（动力触探试验/标准贯入试验）,密实度（动力触探试验/标准贯入试验）,见对应标准条款,,official
IP-0283,变形模量（原位测试）,变形模量（原位测试）,变形模量（原位测试）,见对应标准条款,,official
IP-0284,增强体强度（钻芯法）,增强体强度（钻芯法）,增强体强度（钻芯法）,见对应标准条款,,official
IP-0285,水平承载力（静载试验）,水平承载力（静载试验）,水平承载力（静载试验）,见对应标准条款,,official
IP-0286,竖向抗压承载力（静载试验/自平衡/高应变法等）,竖向抗压承载力（静载试验/自平衡/高应变法等）,竖向抗压承载力（静载试验/自平衡/高应变法等）,见对应标准条款,,official
IP-0287,竖向抗拔承载力（抗拔静载试验）,竖向抗拔承载力（抗拔静载试验）,竖向抗拔承载力（抗拔静载试验）,见对应标准条款,,official
IP-0288,桩身完整性（低应变法/声波透射法/钻芯法等）,桩身完整性（低应变法/声波透射法/钻芯法等）,桩身完整性（低应变法/声波透射法/钻芯法等）,见对应标准条款,,official
IP-0289,拉拔试验,拉拔试验,拉拔试验,见对应标准条款,,official
IP-0290,墙身完整性（声波透射法/钻芯法等）,墙身完整性（声波透射法/钻芯法等）,墙身完整性（声波透射法/钻芯法等）,见对应标准条款,,official
IP-0291,墙身混凝土强度（钻芯法）,墙身混凝土强度（钻芯法）,墙身混凝土强度（钻芯法）,见对应标准条款,,official
IP-0292,导热系数或热阻,导热系数或热阻,导热系数或热阻,见对应标准条款,,official
IP-0293,压缩强度或抗压强度,压缩强度或抗压强度,压缩强度或抗压强度,见对应标准条款,,official
IP-0294,垂直于板面方向的抗拉强度,垂直于板面方向的抗拉强度,垂直于板面方向的抗拉强度,见对应标准条款,,official
IP-0295,传热系数及热阻,传热系数及热阻,传热系数及热阻,见对应标准条款,,official
IP-0296,拉伸粘结强度,拉伸粘结强度,拉伸粘结强度,见对应标准条款,,official
IP-0297,燃烧性能,燃烧性能,燃烧性能,见对应标准条款,,official
IP-0298,半球发射率,半球发射率,半球发射率,见对应标准条款,,official
IP-0299,太阳光反射比,太阳光反射比,太阳光反射比,见对应标准条款,,official
IP-0300,单位散热量,单位散热量,单位散热量,见对应标准条款,,official
IP-0301,金属热强度,金属热强度,金属热强度,见对应标准条款,,official
IP-0302,供冷量,供冷量,供冷量,见对应标准条款,,official
IP-0303,供热量,供热量,供热量,见对应标准条款,,official
IP-0304,风量,风量,风量,见对应标准条款,,official
IP-0305,水阻力,水阻力,水阻力,见对应标准条款,,official
IP-0306,噪声及输入功率,噪声及输入功率,噪声及输入功率,见对应标准条款,,official
IP-0307,镇流器能效值,镇流器能效值,镇流器能效值,见对应标准条款,,official
IP-0308,效率或能效,效率或能效,效率或能效,见对应标准条款,,official
IP-0309,照明光源初始光效,照明光源初始光效,照明光源初始光效,见对应标准条款,,official
IP-0310,功率,功率,功率,见对应标准条款,,official
IP-0311,功率因数,功率因数,功率因数,见对应标准条款,,official
IP-0312,谐波含量值,谐波含量值,谐波含量值,见对应标准条款,,official
IP-0313,年发电量,年发电量,年发电量,见对应标准条款,,official
IP-0314,组件背板最高工作温度,组件背板最高工作温度,组件背板最高工作温度,见对应标准条款,,official
IP-0315,发电功率,发电功率,发电功率,见对应标准条款,,official
IP-0316,发电效率,发电效率,发电效率,见对应标准条款,,official
IP-0317,得热量,得热量,得热量,见对应标准条款,,official
IP-0318,集热效率,集热效率,集热效率,见对应标准条款,,official
IP-0319,太阳能保证率,太阳能保证率,太阳能保证率,见对应标准条款,,official
IP-0320,安全性能,安全性能,安全性能,见对应标准条款,,official
IP-0321,热性能,热性能,热性能,见对应标准条款,,official
IP-0322,拉伸粘接强度,拉伸粘接强度,拉伸粘接强度,见对应标准条款,,official
IP-0323,力学性能,力学性能,力学性能,见对应标准条款,,official
IP-0324,抗腐蚀性能,抗腐蚀性能,抗腐蚀性能,见对应标准条款,,official
IP-0325,网孔中心距偏差,网孔中心距偏差,网孔中心距偏差,见对应标准条款,,official
IP-0326,钢丝网丝径,钢丝网丝径,钢丝网丝径,见对应标准条款,,official
IP-0327,导热系数,导热系数,导热系数,见对应标准条款,,official
IP-0328,剪切强度,剪切强度,剪切强度,见对应标准条款,,official
IP-0329,压折比（或柔韧性）,压折比（或柔韧性）,压折比（或柔韧性）,见对应标准条款,,official
IP-0330,气密性能,气密性能,气密性能,见对应标准条款,,official
IP-0331,水密性能,水密性能,水密性能,见对应标准条款,,official
IP-0332,抗风压性能,抗风压性能,抗风压性能,见对应标准条款,,official
IP-0333,传热系数,传热系数,传热系数,见对应标准条款,,official
IP-0334,玻璃的太阳得热系数,玻璃的太阳得热系数,玻璃的太阳得热系数,见对应标准条款,,official
IP-0335,可见光透射比,可见光透射比,可见光透射比,见对应标准条款,,official
IP-0336,中空玻璃密封性能,中空玻璃密封性能,中空玻璃密封性能,见对应标准条款,,official
IP-0337,外墙节能构造及保温层厚度（钻芯法）,外墙节能构造及保温层厚度（钻芯法）,外墙节能构造及保温层厚度（钻芯法）,见对应标准条款,,official
IP-0338,保温板与基层的拉伸粘结强度,保温板与基层的拉伸粘结强度,保温板与基层的拉伸粘结强度,见对应标准条款,,official
IP-0339,锚固件的锚固力,锚固件的锚固力,锚固件的锚固力,见对应标准条款,,official
IP-0340,外窗气密性能,外窗气密性能,外窗气密性能,见对应标准条款,,official
IP-0341,室内平均温度,室内平均温度,室内平均温度,见对应标准条款,,official
IP-0342,风口风量,风口风量,风口风量,见对应标准条款,,official
IP-0343,通风与空调系统总风量,通风与空调系统总风量,通风与空调系统总风量,见对应标准条款,,official
IP-0344,风道系统单位风量耗功率空调机组水流量,风道系统单位风量耗功率空调机组水流量,风道系统单位风量耗功率空调机组水流量,见对应标准条款,,official
IP-0345,空调系统冷热水,空调系统冷热水,空调系统冷热水,见对应标准条款,,official
IP-0346,冷却水循环流量,冷却水循环流量,冷却水循环流量,见对应标准条款,,official
IP-0347,室外供热管网水力平衡度,室外供热管网水力平衡度,室外供热管网水力平衡度,见对应标准条款,,official
IP-0348,室外供热管网热损失率,室外供热管网热损失率,室外供热管网热损失率,见对应标准条款,,official
IP-0349,照度与照明功率密度,照度与照明功率密度,照度与照明功率密度,见对应标准条款,,official
IP-0350,外墙传热系数或热阻,外墙传热系数或热阻,外墙传热系数或热阻,见对应标准条款,,official
IP-0351,导体电阻值,导体电阻值,导体电阻值,见对应标准条款,,official
IP-0352,邵氏硬度,邵氏硬度,邵氏硬度,见对应标准条款,,official
IP-0353,结构胶标准条件下的拉伸粘结强度,结构胶标准条件下的拉伸粘结强度,结构胶标准条件下的拉伸粘结强度,见对应标准条款,,official
IP-0354,相容性,相容性,相容性,见对应标准条款,,official
IP-0355,剥离粘结性,剥离粘结性,剥离粘结性,见对应标准条款,,official
IP-0356,石材用密封胶的污染性,石材用密封胶的污染性,石材用密封胶的污染性,见对应标准条款,,official
IP-0357,耐候胶标准状态下的拉伸模量,耐候胶标准状态下的拉伸模量,耐候胶标准状态下的拉伸模量,见对应标准条款,,official
IP-0358,石材用密封胶的拉伸模量,石材用密封胶的拉伸模量,石材用密封胶的拉伸模量,见对应标准条款,,official
IP-0359,太阳得热系数,太阳得热系数,太阳得热系数,见对应标准条款,,official
IP-0360,中空玻璃的密封性能,中空玻璃的密封性能,中空玻璃的密封性能,见对应标准条款,,official
IP-0361,层间变形性能,层间变形性能,层间变形性能,见对应标准条款,,official
IP-0362,后置埋件抗拔承载力,后置埋件抗拔承载力,后置埋件抗拔承载力,见对应标准条款,,official
IP-0363,保温隔热性能,保温隔热性能,保温隔热性能,见对应标准条款,,official
IP-0364,隔声性能,隔声性能,隔声性能,见对应标准条款,,official
IP-0365,采光性能,采光性能,采光性能,见对应标准条款,,official
IP-0366,耐撞击性能,耐撞击性能,耐撞击性能,见对应标准条款,,official
IP-0367,防火性能,防火性能,防火性能,见对应标准条款,,official
IP-0368,液限,液限,液限,见对应标准条款,,official
IP-0369,塑限,塑限,塑限,见对应标准条款,,official
IP-0370,击实,击实,击实,见对应标准条款,,official
IP-0371,粗粒土和巨粒土最大干密度,粗粒土和巨粒土最大干密度,粗粒土和巨粒土最大干密度,见对应标准条款,,official
IP-0372,承载比（CBR）试验,承载比（CBR）试验,承载比（CBR）试验,见对应标准条款,,official
IP-0373,无侧限抗压强度,无侧限抗压强度,无侧限抗压强度,见对应标准条款,,official
IP-0374,水泥或石灰剂量,水泥或石灰剂量,水泥或石灰剂量,见对应标准条款,,official
IP-0375,塑性指数,塑性指数,塑性指数,见对应标准条款,,official
IP-0376,不均匀系数,不均匀系数,不均匀系数,见对应标准条款,,official
IP-0377,0.6mm 以下颗粒含量,0.6mm 以下颗粒含量,0.6mm 以下颗粒含量,见对应标准条款,,official
IP-0378,颗粒分析,颗粒分析,颗粒分析,见对应标准条款,,official
IP-0379,有机质含量,有机质含量,有机质含量,见对应标准条款,,official
IP-0380,易溶盐含量,易溶盐含量,易溶盐含量,见对应标准条款,,official
IP-0381,拉伸粘接强度（抹灰、砌筑）,拉伸粘接强度（抹灰、砌筑）,拉伸粘接强度（抹灰、砌筑）,见对应标准条款,,official
IP-0382,剥离性能胶粘带：剪切性能,剥离性能胶粘带：剪切性能,剥离性能胶粘带：剪切性能,见对应标准条款,,official
IP-0383,剥离性能防水卷材：接缝剥离强度,剥离性能防水卷材：接缝剥离强度,剥离性能防水卷材：接缝剥离强度,见对应标准条款,,official
IP-0384,硫酸根离子含量,硫酸根离子含量,硫酸根离子含量,见对应标准条款,,official
IP-0385,不溶物含量,不溶物含量,不溶物含量,见对应标准条款,,official
IP-0386,凝结时间差,凝结时间差,凝结时间差,见对应标准条款,,official
IP-0387,有效氧化钙和氧化镁含量,有效氧化钙和氧化镁含量,有效氧化钙和氧化镁含量,见对应标准条款,,official
IP-0388,未消化残渣含量,未消化残渣含量,未消化残渣含量,见对应标准条款,,official
IP-0389,干燥压缩强度,干燥压缩强度,干燥压缩强度,见对应标准条款,,official
IP-0390,水饱和压缩强度,水饱和压缩强度,水饱和压缩强度,见对应标准条款,,official
IP-0391,干燥弯曲强度,干燥弯曲强度,干燥弯曲强度,见对应标准条款,,official
IP-0392,水饱和弯曲强度,水饱和弯曲强度,水饱和弯曲强度,见对应标准条款,,official
IP-0393,体积密度,体积密度,体积密度,见对应标准条款,,official
IP-0394,梯形撕裂强度,梯形撕裂强度,梯形撕裂强度,见对应标准条款,,official
IP-0395,CBR 顶破强力,CBR 顶破强力,CBR 顶破强力,见对应标准条款,,official
IP-0396,厚度,厚度,厚度,见对应标准条款,,official
IP-0397,垂直渗透系数,垂直渗透系数,垂直渗透系数,见对应标准条款,,official
IP-0398,刺破强力,刺破强力,刺破强力,见对应标准条款,,official
IP-0399,SiO 含量,SiO 含量,SiO 含量,见对应标准条款,,official
IP-0400,AlO 含量,AlO 含量,AlO 含量,见对应标准条款,,official
IP-0401,FeO 含量,FeO 含量,FeO 含量,见对应标准条款,,official
IP-0402,2 2 3 2 3比表面积,2 2 3 2 3比表面积,2 2 3 2 3比表面积,见对应标准条款,,official
IP-0403,游离氧化钙含量,游离氧化钙含量,游离氧化钙含量,见对应标准条款,,official
IP-0404,粉化率,粉化率,粉化率,见对应标准条款,,official
IP-0405,压碎值,压碎值,压碎值,见对应标准条款,,official
IP-0406,颗粒组成,颗粒组成,颗粒组成,见对应标准条款,,official
IP-0407,针入度,针入度,针入度,见对应标准条款,,official
IP-0408,软化点,软化点,软化点,见对应标准条款,,official
IP-0409,延度,延度,延度,见对应标准条款,,official
IP-0410,质量变化,质量变化,质量变化,见对应标准条款,,official
IP-0411,残留针入度比,残留针入度比,残留针入度比,见对应标准条款,,official
IP-0412,残留延度,残留延度,残留延度,见对应标准条款,,official
IP-0413,破乳速度,破乳速度,破乳速度,见对应标准条款,,official
IP-0414,标准黏度,标准黏度,标准黏度,见对应标准条款,,official
IP-0415,蒸发残留物,蒸发残留物,蒸发残留物,见对应标准条款,,official
IP-0416,弹性恢复,弹性恢复,弹性恢复,见对应标准条款,,official
IP-0417,运动黏度,运动黏度,运动黏度,见对应标准条款,,official
IP-0418,布氏旋转黏度,布氏旋转黏度,布氏旋转黏度,见对应标准条款,,official
IP-0419,针入度指数,针入度指数,针入度指数,见对应标准条款,,official
IP-0420,蜡含量,蜡含量,蜡含量,见对应标准条款,,official
IP-0421,闪点,闪点,闪点,见对应标准条款,,official
IP-0422,动力黏度,动力黏度,动力黏度,见对应标准条款,,official
IP-0423,溶解度,溶解度,溶解度,见对应标准条款,,official
IP-0424,粒子电荷,粒子电荷,粒子电荷,见对应标准条款,,official
IP-0425,1.18mm 筛筛上残留物,1.18mm 筛筛上残留物,1.18mm 筛筛上残留物,见对应标准条款,,official
IP-0426,恩格拉黏度,恩格拉黏度,恩格拉黏度,见对应标准条款,,official
IP-0427,与粗集料的粘附性,与粗集料的粘附性,与粗集料的粘附性,见对应标准条款,,official
IP-0428,长度,长度,长度,见对应标准条款,,official
IP-0429,灰分含量,灰分含量,灰分含量,见对应标准条款,,official
IP-0430,吸油率,吸油率,吸油率,见对应标准条款,,official
IP-0431,表观相对密度,表观相对密度,表观相对密度,见对应标准条款,,official
IP-0432,亲水系数,亲水系数,亲水系数,见对应标准条款,,official
IP-0433,加热安定性,加热安定性,加热安定性,见对应标准条款,,official
IP-0434,筛分,筛分,筛分,见对应标准条款,,official
IP-0435,洛杉矶磨耗损失,洛杉矶磨耗损失,洛杉矶磨耗损失,见对应标准条款,,official
IP-0436,沥青黏附性,沥青黏附性,沥青黏附性,见对应标准条款,,official
IP-0437,软弱颗粒或软石含量,软弱颗粒或软石含量,软弱颗粒或软石含量,见对应标准条款,,official
IP-0438,磨光值,磨光值,磨光值,见对应标准条款,,official
IP-0439,<0.075mm 颗粒含量,<0.075mm 颗粒含量,<0.075mm 颗粒含量,见对应标准条款,,official
IP-0440,砂当量,砂当量,砂当量,见对应标准条款,,official
IP-0441,棱角性,棱角性,棱角性,见对应标准条款,,official
IP-0442,亚甲蓝值,亚甲蓝值,亚甲蓝值,见对应标准条款,,official
IP-0443,马歇尔稳定度,马歇尔稳定度,马歇尔稳定度,见对应标准条款,,official
IP-0444,流值,流值,流值,见对应标准条款,,official
IP-0445,矿料级配,矿料级配,矿料级配,见对应标准条款,,official
IP-0446,油石比,油石比,油石比,见对应标准条款,,official
IP-0447,动稳定度,动稳定度,动稳定度,见对应标准条款,,official
IP-0448,残留稳定度,残留稳定度,残留稳定度,见对应标准条款,,official
IP-0449,冻融劈裂强度比,冻融劈裂强度比,冻融劈裂强度比,见对应标准条款,,official
IP-0450,防滑性能,防滑性能,防滑性能,见对应标准条款,,official
IP-0451,耐磨性,耐磨性,耐磨性,见对应标准条款,,official
IP-0452,抗冻性,抗冻性,抗冻性,见对应标准条款,,official
IP-0453,透水系数,透水系数,透水系数,见对应标准条款,,official
IP-0454,抗盐冻性,抗盐冻性,抗盐冻性,见对应标准条款,,official
IP-0455,试验荷载,试验荷载,试验荷载,见对应标准条款,,official
IP-0456,压实度,压实度,压实度,见对应标准条款,,official
IP-0457,弯沉值,弯沉值,弯沉值,见对应标准条款,,official
IP-0458,渗水系数,渗水系数,渗水系数,见对应标准条款,,official
IP-0459,抗滑性能,抗滑性能,抗滑性能,见对应标准条款,,official
IP-0460,土基回弹模量,土基回弹模量,土基回弹模量,见对应标准条款,,official
IP-0461,地基承载力,地基承载力,地基承载力,见对应标准条款,,official
IP-0462,回填土压实度,回填土压实度,回填土压实度,见对应标准条款,,official
IP-0463,背后土体密实性,背后土体密实性,背后土体密实性,见对应标准条款,,official
IP-0464,严密性试验,严密性试验,严密性试验,见对应标准条款,,official
IP-0465,构造深度,构造深度,构造深度,见对应标准条款,,official
IP-0466,静态应变（应力）,静态应变（应力）,静态应变（应力）,见对应标准条款,,official
IP-0467,动态应变（应力）,动态应变（应力）,动态应变（应力）,见对应标准条款,,official
IP-0468,位移,位移,位移,见对应标准条款,,official
IP-0469,模态参数（频率、振型、阻尼比）,模态参数（频率、振型、阻尼比）,模态参数（频率、振型、阻尼比）,见对应标准条款,,official
IP-0470,索力,索力,索力,见对应标准条款,,official
IP-0471,承载能力,承载能力,承载能力,见对应标准条款,,official
IP-0472,桥梁线形,桥梁线形,桥梁线形,见对应标准条款,,official
IP-0473,动态挠度,动态挠度,动态挠度,见对应标准条款,,official
IP-0474,静态挠度,静态挠度,静态挠度,见对应标准条款,,official
IP-0475,结构尺寸,结构尺寸,结构尺寸,见对应标准条款,,official
IP-0476,轴线偏位,轴线偏位,轴线偏位,见对应标准条款,,official
IP-0477,竖直度,竖直度,竖直度,见对应标准条款,,official
IP-0478,混凝土碳化深度,混凝土碳化深度,混凝土碳化深度,见对应标准条款,,official
IP-0479,钢筋位置及保护层厚度,钢筋位置及保护层厚度,钢筋位置及保护层厚度,见对应标准条款,,official
IP-0480,预应力孔道摩阻损失,预应力孔道摩阻损失,预应力孔道摩阻损失,见对应标准条款,,official
IP-0481,有效预应力,有效预应力,有效预应力,见对应标准条款,,official
IP-0482,孔道压浆密实性,孔道压浆密实性,孔道压浆密实性,见对应标准条款,,official
IP-0483,风速,风速,风速,见对应标准条款,,official
IP-0484,温度,温度,温度,见对应标准条款,,official
IP-0485,加速度,加速度,加速度,见对应标准条款,,official
IP-0486,速度,速度,速度,见对应标准条款,,official
IP-0487,冲击性能,冲击性能,冲击性能,见对应标准条款,,official
IP-0488,混凝土电阻率,混凝土电阻率,混凝土电阻率,见对应标准条款,,official
IP-0489,钢筋锈蚀状况,钢筋锈蚀状况,钢筋锈蚀状况,见对应标准条款,,official
IP-0490,断面尺寸,断面尺寸,断面尺寸,见对应标准条款,,official
IP-0491,锚杆拉拔力,锚杆拉拔力,锚杆拉拔力,见对应标准条款,,official
IP-0492,衬砌厚度,衬砌厚度,衬砌厚度,见对应标准条款,,official
IP-0493,衬砌及背后密实状况,衬砌及背后密实状况,衬砌及背后密实状况,见对应标准条款,,official
IP-0494,墙面平整度,墙面平整度,墙面平整度,见对应标准条款,,official
IP-0495,钢筋网格尺寸,钢筋网格尺寸,钢筋网格尺寸,见对应标准条款,,official
IP-0496,锚杆长度,锚杆长度,锚杆长度,见对应标准条款,,official
IP-0497,锚杆锚固密实度,锚杆锚固密实度,锚杆锚固密实度,见对应标准条款,,official
IP-0498,管片几何尺寸,管片几何尺寸,管片几何尺寸,见对应标准条款,,official
IP-0499,错台,错台,错台,见对应标准条款,,official
IP-0500,椭圆度,椭圆度,椭圆度,见对应标准条款,,official
IP-0501,衬砌内钢筋间距,衬砌内钢筋间距,衬砌内钢筋间距,见对应标准条款,,official
IP-0502,仰拱厚度,仰拱厚度,仰拱厚度,见对应标准条款,,official
IP-0503,渗漏水,渗漏水,渗漏水,见对应标准条款,,official
IP-0504,桥面系外观质量,桥面系外观质量,桥面系外观质量,见对应标准条款,,official
IP-0505,桥梁上部外观质量,桥梁上部外观质量,桥梁上部外观质量,见对应标准条款,,official
IP-0506,桥梁下部外观质量,桥梁下部外观质量,桥梁下部外观质量,见对应标准条款,,official
IP-0507,桥梁附属设施外观质量,桥梁附属设施外观质量,桥梁附属设施外观质量,见对应标准条款,,official
IP-0508,内在质量,内在质量,内在质量,见对应标准条款,,official
IP-0509,抗压弹性模量,抗压弹性模量,抗压弹性模量,见对应标准条款,,official
IP-0510,极限抗压强度,极限抗压强度,极限抗压强度,见对应标准条款,,official
IP-0511,盆环径向变形,盆环径向变形,盆环径向变形,见对应标准条款,,official
IP-0512,抗剪弹性模量,抗剪弹性模量,抗剪弹性模量,见对应标准条款,,official
IP-0513,抗剪粘结性能,抗剪粘结性能,抗剪粘结性能,见对应标准条款,,official
IP-0514,抗剪老化,抗剪老化,抗剪老化,见对应标准条款,,official
IP-0515,摩擦系数,摩擦系数,摩擦系数,见对应标准条款,,official
IP-0516,转动性能,转动性能,转动性能,见对应标准条款,,official
IP-0517,尺寸偏差,尺寸偏差,尺寸偏差,见对应标准条款,,official
IP-0518,转角试验,转角试验,转角试验,见对应标准条款,,official
IP-0519,焊缝尺寸,焊缝尺寸,焊缝尺寸,见对应标准条款,,official
IP-0520,焊缝探伤,焊缝探伤,焊缝探伤,见对应标准条款,,official
IP-0521,橡胶密封带夹持性能,橡胶密封带夹持性能,橡胶密封带夹持性能,见对应标准条款,,official
IP-0522,装配公差,装配公差,装配公差,见对应标准条款,,official
IP-0523,变形性能,变形性能,变形性能,见对应标准条款,,official
IP-0524,防水性能,防水性能,防水性能,见对应标准条款,,official
IP-0525,承载性能,承载性能,承载性能,见对应标准条款,,official
IP-0526,照度,照度,照度,见对应标准条款,,official
IP-0527,噪声,噪声,噪声,见对应标准条款,,official
IP-0528,一氧化碳浓度,一氧化碳浓度,一氧化碳浓度,见对应标准条款,,official
IP-0529,二氧化碳浓度,二氧化碳浓度,二氧化碳浓度,见对应标准条款,,official
IP-0530,二氧化硫浓度,二氧化硫浓度,二氧化硫浓度,见对应标准条款,,official
IP-0531,氧浓度,氧浓度,氧浓度,见对应标准条款,,official
IP-0532,一氧化氮浓度,一氧化氮浓度,一氧化氮浓度,见对应标准条款,,official
IP-0533,二氧化氮浓度,二氧化氮浓度,二氧化氮浓度,见对应标准条款,,official
IP-0534,瓦斯浓度,瓦斯浓度,瓦斯浓度,见对应标准条款,,official
IP-0535,硫化氢浓度,硫化氢浓度,硫化氢浓度,见对应标准条款,,official
IP-0536,烟尘浓度,烟尘浓度,烟尘浓度,见对应标准条款,,official
IP-0537,自振频率,自振频率,自振频率,见对应标准条款,,official
IP-0538,桥面线形,桥面线形,桥面线形,见对应标准条款,,official
IP-0539,变形缝质量,变形缝质量,变形缝质量,见对应标准条款,,official
IP-0540,防水层的缝宽和搭接长度,防水层的缝宽和搭接长度,防水层的缝宽和搭接长度,见对应标准条款,,official
IP-0541,栏杆水平推力,栏杆水平推力,栏杆水平推力,见对应标准条款,,official
IP-0542,衬砌密实性,衬砌密实性,衬砌密实性,见对应标准条款,,official
IP-0543,接缝宽度,接缝宽度,接缝宽度,见对应标准条款,,official
